呼号,姓名,电话,邮编,收件地址
"BG2MBC","","","",""
"BG9JYY","","","",""
"BI3SPP","","","",""
"BG9JGN","","","",""
"BI2RHX","","","",""
"BD7LBQ","","","",""
"BI2RRA","","","",""
"BH3SNE","","","",""
"BA4TMX","","","",""
"BG6HTY","","","",""
"BI3SGI","","","",""
"BA4TAY","","","",""
"BI8SML","","","",""
"BI4AXH","","","",""
"BI4SID","","","",""
"BH3FRD","","","",""
"BH4BXV","","","",""
"BG8LGF","","","",""
"BG5EYK","","","",""
"BA4RQO","","","",""
"BH3HRH","","","",""
"BG5JQP","","","",""
"BA4JPO","","","",""
"BI7CZK","","","",""
"BD4VEM","","","",""
"BI4TNK","","","",""
"BH4HJR","","","",""
"BH6BRS","","","",""
"BI7CEQ","","","",""
"BA4QMP","","","",""
"BA4QHC","","","",""
"BH6BQJ","","","",""
"BG5BUT","","","",""
"BG4KJC","","","",""
"BD1BIT","","","",""
"BI4ASX","","","",""
"BA3MMA","","","",""
"BA7JBV","","","",""
"BG7ZJL","","","",""
"BD3PDN","","","",""
"BG4GYZ","","","",""
"BG5EWN","","","",""
"BH8DDD","","","",""
"BG4LDK","","","",""
"BG5JRK","","","",""
"BG9SKA","","","",""
"BI6PWL","","","",""
"BI4ALT","","","",""
"BG5WIV","","","",""
"BI1LWV","","","",""
"BG4KQI","","","",""
"BH3GUC","","","",""
"BM2EMV","","","",""
"BG9JZZ","","","",""
"BA3MEM","","","",""
"BA4SOE","","","",""
"BA7OOR","","","",""
"BI1VOW","","","",""
"BG0FFH","","","",""
"BD1CNJ","","","",""
"BD3RQM","","","",""
"BI1PPA","","","",""
"BD1DQI","","","",""
"BH1KOA","","","",""
"BD1DYI","","","",""
"BI2QEY","","","",""
"BI1FRJ","","","",""
"BG9SHO","","","",""
"BH6BOL","","","",""
"BH6SNU","","","",""
"BG2GWS","","","",""
"BA4JAE","","","",""
"BD3QFF","","","",""
"BA4SLH","","","",""
"BH2VPQ","","","",""
"BG4BPN","","","",""
"BH6RFE","","","",""
"BA4SUY","","","",""
"BI3TPQ","","","",""
"BH4SVO","","","",""
"BG2HEG","","","",""
"BG5JFW","","","",""
"BD6KAM","","","",""
"BI3SJN","","","",""
"BI1TRT","","","",""
"BI3AXL","","","",""
"BG0FPB","","","",""
"BD1DQG","","","",""
"BD4TRG","","","",""
"BI1JNP","","","",""
"BD1DSC","","","",""
"BG2MBC","","","",""
"BG9JYY","","","",""
"BI1KBU","","","",""
"BH1WALK","","","",""
